
-- Dev

USE `findb-dev`;

INSERT INTO user_info (user_id, user_nm, pwd) VALUES
('user1', '김민준', '$2a$10$ISDgBEqww7YM3MKPSVL13e620bTkIkiSad7M2wm5AiJZJRMvizAMy'),
('user2', '이서연', '$2a$10$ISDgBEqww7YM3MKPSVL13e620bTkIkiSad7M2wm5AiJZJRMvizAMy'),
('user3', '박도윤', '$2a$10$ISDgBEqww7YM3MKPSVL13e620bTkIkiSad7M2wm5AiJZJRMvizAMy'),
('user4', '최수아', '$2a$10$ISDgBEqww7YM3MKPSVL13e620bTkIkiSad7M2wm5AiJZJRMvizAMy');

INSERT INTO accounts_info (account_no, user_id, balance, account_nm, account_stat) VALUES
('110-1001-1111', 'user1', 3500000,  '비상금통장',  'ACTIVE'),
('110-1001-1112', 'user1', 12000000, '주택청약',    'ACTIVE'),
('110-1001-1113', 'user1', 5800000,  '여행적금',    'ACTIVE'),
('110-1002-2221', 'user2', 8200000,  '일반계좌',    'ACTIVE'),
('110-1002-2222', 'user2', 2100000,  '비상금통장',  'ACTIVE'),
('110-1002-2223', 'user2', 15000000, '월급통장',    'ACTIVE'),
('110-1003-3331', 'user3', 4700000,  '주택청약',    'ACTIVE'),
('110-1003-3332', 'user3', 9300000,  '투자계좌',    'ACTIVE'),
('110-1003-3333', 'user3', 1800000,  '용돈계좌',    'ACTIVE'),
('110-1004-4441', 'user4', 6600000,  '월급통장',    'ACTIVE'),
('110-1004-4442', 'user4', 3200000,  '여행적금',    'ACTIVE'),
('110-1004-4443', 'user4', 11000000, '일반계좌',    'ACTIVE');

INSERT INTO transaction_history (frm_account_no, to_account_no, tran_amt, tran_dt) VALUES
('110-1001-1111', '110-1002-2221', 500000,  '2026-06-01 09:15:00'),
('110-1001-1112', '110-1002-2222', 200000,  '2026-06-03 11:30:00'),
('110-1002-2221', '110-1003-3331', 1000000, '2026-06-05 14:00:00'),
('110-1002-2223', '110-1003-3332', 300000,  '2026-06-07 16:45:00'),
('110-1003-3331', '110-1004-4441', 750000,  '2026-06-10 10:20:00'),
('110-1003-3333', '110-1004-4442', 150000,  '2026-06-12 13:10:00'),
('110-1004-4441', '110-1001-1111', 400000,  '2026-06-14 09:00:00'),
('110-1004-4443', '110-1001-1113', 2000000, '2026-06-15 17:30:00'),
('110-1001-1113', '110-1003-3332', 600000,  '2026-06-17 12:00:00'),
('110-1002-2222', '110-1004-4443', 350000,  '2026-06-19 15:25:00'),
('110-1003-3332', '110-1001-1112', 900000,  '2026-06-21 11:00:00'),
('110-1004-4442', '110-1002-2223', 1200000, '2026-06-23 14:40:00'),
('110-1001-1111', '110-1003-3333', 250000,  '2026-06-25 10:10:00'),
('110-1002-2221', '110-1004-4441', 800000,  '2026-06-26 16:00:00'),
('110-1003-3331', '110-1002-2222', 450000,  '2026-06-27 09:30:00');

COMMIT;


-- Prod
-- demo data

USE `findb-prod`;

COMMIT;